pr_id,lines_changed,files_changed
PR_1,112,2
PR_2,445,12
PR_3,358,6
PR_4,280,2
PR_5,116,1
PR_6,81,12
PR_7,198,12
PR_8,30,17
PR_9,112,10
PR_10,131,16
PR_11,476,15
PR_12,224,15
PR_13,340,19
PR_14,468,12
PR_15,97,20
PR_16,382,3
PR_17,109,5
PR_18,369,19
PR_19,161,7
PR_20,140,9
