pr_id,coverage
PR_1,43.9
PR_2,96.93
PR_3,97.94
PR_4,88.5
PR_5,58.28
PR_6,45.86
PR_7,81.05
PR_8,66.41
PR_9,47.32
PR_10,69.71
PR_11,42.06
PR_12,94.56
PR_13,55.53
PR_14,79.75
PR_15,58.7
PR_16,71.2
PR_17,72.8
PR_18,51.09
PR_19,98.18
PR_20,86.51
